hora,site,paginas_baixadas,projetos_salvos
2026-09-30T20:00,github,225,209
2026-09-30T20:00,sourceforge,217,205
2026-09-30T21:00,github,3442,3154
2026-09-30T21:00,sourceforge,3364,3106
2026-09-30T22:00,github,3347,3075
2026-09-30T22:00,sourceforge,3250,3061
2026-09-30T23:00,github,3409,3136
2026-09-30T23:00,sourceforge,3276,3275
2026-10-01T00:00,github,3462,3197
2026-10-01T00:00,sourceforge,342,342
2026-10-01T01:00,github,3420,3166
2026-10-01T02:00,github,2853,1847
2026-10-01T03:00,github,1053,4
2026-10-01T04:00,github,850,1
2026-10-01T05:00,github,989,0
2026-10-01T05:00,sourceforge,3204,2960
2026-10-01T06:00,github,971,0
2026-10-01T06:00,sourceforge,2588,2343
2026-10-01T07:00,github,3026,2557
2026-10-01T07:00,sourceforge,3134,3131
2026-10-01T08:00,github,3364,2902
2026-10-01T08:00,sourceforge,3486,3484
2026-10-01T09:00,github,3144,2752
2026-10-01T09:00,sourceforge,3362,3361
2026-10-01T10:00,sourceforge,733,732
